City_ID,City,Country,Date,Lat,Lng,Max Temp,Humidity,Cloudiness,Wind Speed
0,Albany,US,2022-02-11 19:07:58,42.6001,-73.9662,51.62,41,70,3.0
1,Carutapera,BR,2022-02-11 19:10:31,-1.195,-46.02,83.77,68,97,7.52
2,Korop,UA,2022-02-11 19:10:31,51.5664,32.9586,30.16,95,100,4.74
3,Cabo San Lucas,MX,2022-02-11 19:07:47,22.8909,-109.9124,78.51,55,0,6.91
4,Waterloo,CA,2022-02-11 19:07:06,43.4668,-80.5164,36.32,96,100,14.0
5,Touros,BR,2022-02-11 19:10:32,-5.1989,-35.4608,86.9,66,42,13.51
6,Praia Da Vitoria,PT,2022-02-11 19:10:32,38.7333,-27.0667,60.76,76,74,4.9
7,Tezu,IN,2022-02-11 19:10:33,27.9167,96.1667,54.07,68,95,3.04
8,Mataura,NZ,2022-02-11 19:10:33,-46.1927,168.8643,53.47,92,95,3.89
9,Quatre Cocos,MU,2022-02-11 19:10:34,-20.2078,57.7625,76.08,80,35,3.56
10,Arraial Do Cabo,BR,2022-02-11 19:10:34,-22.9661,-42.0278,75.06,88,75,6.91
11,Grootfontein,NA,2022-02-11 19:10:34,-19.5667,18.1167,72.46,59,67,4.07
12,Bethel,US,2022-02-11 19:10:35,41.3712,-73.414,56.98,42,0,10.36
13,Sorong,ID,2022-02-11 19:10:35,-0.8833,131.25,77.77,83,100,5.28
14,Mahebourg,MU,2022-02-11 19:10:36,-20.4081,57.7,76.24,78,14,2.08
15,Rikitea,PF,2022-02-11 19:10:36,-23.1203,-134.9692,79.07,73,8,17.52
16,Hobart,AU,2022-02-11 19:10:37,-42.8794,147.3294,52.27,74,75,10.36
17,Grand Gaube,MU,2022-02-11 19:10:37,-20.0064,57.6608,76.37,78,98,1.99
18,Punta Arenas,CL,2022-02-11 19:10:38,-53.15,-70.9167,59.02,67,0,32.21
19,Barrow,US,2022-02-11 19:10:38,71.2906,-156.7887,-30.98,100,75,5.75
20,Sri Aman,MY,2022-02-11 19:10:39,1.2376,111.4621,72.45,99,100,2.62
21,Souillac,MU,2022-02-11 19:10:39,-20.5167,57.5167,76.35,80,6,1.36
22,Mehtar Lam,AF,2022-02-11 19:10:39,34.6714,70.2094,48.97,25,2,3.49
23,Bluff,NZ,2022-02-11 19:10:40,-46.6,168.3333,53.8,65,25,13.2
24,San Patricio,US,2022-02-11 19:10:40,28.017,-97.5169,78.78,44,0,7.47
25,Castro,BR,2022-02-11 19:10:41,-24.7911,-50.0119,80.2,45,16,2.26
26,Tomatlan,MX,2022-02-11 19:10:41,19.9333,-105.25,88.32,22,0,7.83
27,Pare,ID,2022-02-11 19:10:42,-7.7679,112.198,72.77,98,100,2.59
28,Brae,GB,2022-02-11 19:10:42,60.3964,-1.353,42.71,75,100,17.36
29,Pevek,RU,2022-02-11 19:10:43,69.7008,170.3133,-27.45,99,96,7.0
30,Saskylakh,RU,2022-02-11 19:10:43,71.9167,114.0833,2.52,91,95,12.75
31,Cherskiy,RU,2022-02-11 19:10:44,68.75,161.3,-37.35,100,86,6.02
32,Puerto Ayora,EC,2022-02-11 19:10:44,-0.7393,-90.3518,84.16,85,81,7.0
33,Pasco,US,2022-02-11 19:10:45,28.292,-82.4165,80.04,53,0,3.0
34,Vardo,NO,2022-02-11 19:10:45,70.3705,31.1107,30.18,86,75,19.57
35,Handan,CN,2022-02-11 19:10:45,36.6006,114.4678,38.12,59,62,2.24
36,Baiyin,CN,2022-02-11 19:10:46,36.5583,104.2081,24.35,76,100,9.6
37,Shingu,JP,2022-02-11 19:10:46,33.7333,135.9833,35.91,63,10,6.17
38,Kapaa,US,2022-02-11 19:09:27,22.0752,-159.319,74.19,81,0,3.44
39,Sitka,US,2022-02-11 19:10:47,57.0531,-135.33,42.69,70,100,11.5
40,Port Macquarie,AU,2022-02-11 19:10:47,-31.4333,152.9167,66.09,100,75,9.22
41,Srikakulam,IN,2022-02-11 19:10:48,18.3,83.9,70.86,81,24,5.48
42,Alofi,NU,2022-02-11 19:10:48,-19.0595,-169.9187,81.37,73,3,16.26
43,Hobyo,SO,2022-02-11 19:10:48,5.3505,48.5268,76.8,67,9,19.64
44,Saint George,US,2022-02-11 19:07:43,37.1041,-113.5841,66.67,35,0,3.0
45,Coihaique,CL,2022-02-11 19:10:49,-45.5752,-72.0662,66.15,39,0,6.91
46,Iqaluit,CA,2022-02-11 19:10:49,63.7506,-68.5145,-0.31,77,100,1.99
47,Busselton,AU,2022-02-11 19:11:50,-33.65,115.3333,60.08,90,37,4.29
48,Bambous Virieux,MU,2022-02-11 19:11:50,-20.3428,57.7575,76.21,79,15,2.66
49,Batemans Bay,AU,2022-02-11 19:11:51,-35.7167,150.1833,62.1,90,38,6.42
50,Port Alfred,ZA,2022-02-11 19:11:51,-33.5906,26.891,70.56,85,9,6.26
51,Qaanaaq,GL,2022-02-11 19:11:52,77.484,-69.3632,-24.45,64,0,7.4
52,Ushuaia,AR,2022-02-11 19:11:52,-54.8,-68.3,55.06,67,40,20.71
53,Azare,NG,2022-02-11 19:08:13,11.6765,10.1948,72.09,14,4,10.13
54,Kapoeta,SS,2022-02-11 19:11:53,4.7717,33.5903,89.56,23,93,7.25
55,Alice,US,2022-02-11 19:11:53,27.7523,-98.0697,76.89,41,40,8.05
56,Preston,GB,2022-02-11 19:11:54,53.7667,-2.7167,43.14,82,100,9.01
57,Reims,FR,2022-02-11 19:11:54,49.1667,4.0833,39.94,86,0,3.44
58,Poum,NC,2022-02-11 19:11:55,-20.2333,164.0167,80.37,80,100,8.57
59,Gondanglegi,ID,2022-02-11 19:11:55,-7.7479,112.0132,73.63,97,100,3.4
60,Upernavik,GL,2022-02-11 19:11:55,72.7868,-56.1549,-15.29,79,100,14.5
61,Asau,RO,2022-02-11 19:11:56,46.4333,26.4,38.32,89,19,5.75
62,Pisco,PE,2022-02-11 19:11:56,-13.7,-76.2167,80.65,50,0,17.27
63,Gonbad-E Qabus,IR,2022-02-11 19:11:57,37.25,55.1672,49.01,82,100,3.8
64,Tsabong,BW,2022-02-11 19:11:57,-26.0217,22.401,85.23,34,41,10.8
65,Carnarvon,AU,2022-02-11 19:11:58,-24.8667,113.6333,80.67,74,1,5.75
66,Shelburne,CA,2022-02-11 19:11:58,44.0787,-80.2041,34.12,94,100,19.1
67,Guerrero Negro,MX,2022-02-11 19:11:59,27.9769,-114.0611,73.98,23,0,4.72
68,Astana,KZ,2022-02-11 19:11:59,51.1801,71.446,1.35,78,0,11.18
69,Lebu,CL,2022-02-11 19:12:00,-37.6167,-73.65,61.68,59,0,22.79
70,Tonantins,BR,2022-02-11 19:12:00,-2.8731,-67.8022,90.32,54,100,0.89
71,Sovetskaya Gavan,RU,2022-02-11 19:12:01,48.9723,140.2878,12.88,96,100,2.91
72,Pemba,MZ,2022-02-11 19:12:01,-12.974,40.5178,74.1,94,75,3.44
73,Oudtshoorn,ZA,2022-02-11 19:10:30,-33.5907,22.2014,72.77,55,0,5.14
74,Ostrovnoy,RU,2022-02-11 19:12:02,68.0531,39.5131,20.1,94,100,9.93
75,Ancud,CL,2022-02-11 19:12:02,-41.8697,-73.8203,68.23,53,0,5.75
76,Saint-Leu,RE,2022-02-11 19:12:03,-21.15,55.2833,76.06,76,13,4.85
77,Provideniya,RU,2022-02-11 19:12:03,64.3833,-173.3,-16.6,92,8,9.06
78,Kiunga,PG,2022-02-11 19:12:03,-6.1219,141.2906,71.42,99,100,0.96
79,Hofn,IS,2022-02-11 19:12:04,64.2539,-15.2082,30.56,76,100,20.42
80,Boddam,GB,2022-02-11 19:12:04,57.4667,-1.7833,41.38,77,100,23.15
81,Chokurdakh,RU,2022-02-11 19:12:05,70.6333,147.9167,-5.6,97,100,12.33
82,Tamandare,BR,2022-02-11 19:12:05,-8.7597,-35.1047,85.37,63,93,14.29
83,Razole,IN,2022-02-11 19:12:05,16.4833,81.8333,68.76,87,16,2.51
84,Kaitangata,NZ,2022-02-11 19:12:06,-46.2817,169.8464,54.36,87,100,4.05
85,Qui Nhon,VN,2022-02-11 19:12:06,13.7667,109.2333,72.82,87,100,6.08
86,Aklavik,CA,2022-02-11 19:12:07,68.2191,-135.0107,-26.21,90,27,5.93
87,Haines Junction,CA,2022-02-11 19:12:07,60.7522,-137.5108,14.9,95,100,1.7
88,Fairbanks,US,2022-02-11 19:12:08,64.8378,-147.7164,-0.76,76,0,4.61
89,Nome,US,2022-02-11 19:11:01,64.5011,-165.4064,-3.93,54,0,12.66
90,Dikson,RU,2022-02-11 19:12:08,73.5069,80.5464,2.34,82,100,28.41
91,Port Hardy,CA,2022-02-11 19:13:09,50.6996,-127.4199,43.75,78,63,3.0
92,Nuuk,GL,2022-02-11 19:13:09,64.1835,-51.7216,30.81,93,100,31.07
93,Wahiawa,US,2022-02-11 19:13:10,21.5028,-158.0236,74.46,75,0,0.0
94,Hilo,US,2022-02-11 19:11:17,19.7297,-155.09,77.25,69,40,3.44
95,Nguru,NG,2022-02-11 19:13:10,12.8791,10.4526,71.44,14,5,11.27
96,Xichang,CN,2022-02-11 19:13:11,27.8964,102.2634,41.05,86,3,0.94
97,Samarai,PG,2022-02-11 19:13:11,-10.6167,150.6667,80.64,64,61,13.56
98,Nikolskoye,RU,2022-02-11 19:11:17,59.7035,30.7861,28.29,92,39,8.63
99,Osterburg,DE,2022-02-11 19:13:12,52.7833,11.7667,40.5,87,9,8.46
100,Balabac,PH,2022-02-11 19:13:13,7.9868,117.0645,80.67,82,30,14.27
101,Narsaq,GL,2022-02-11 19:13:13,60.9167,-46.05,23.22,74,100,4.07
102,Lorengau,PG,2022-02-11 19:13:13,-2.0226,147.2712,81.64,78,100,10.89
103,Hermanus,ZA,2022-02-11 19:13:14,-34.4187,19.2345,70.9,88,0,4.34
104,Vaini,TO,2022-02-11 19:13:14,-21.2,-175.2,80.76,89,40,5.75
105,Ust-Kuyga,RU,2022-02-11 19:13:15,70.0167,135.6,-18.72,100,97,7.45
106,Tuktoyaktuk,CA,2022-02-11 19:13:15,69.4541,-133.0374,-22.52,100,51,7.36
107,Baghdad,IQ,2022-02-11 19:13:15,33.3406,44.4009,56.32,56,3,7.29
108,Norman Wells,CA,2022-02-11 19:13:16,65.282,-126.8329,-12.1,100,97,1.01
109,Saint-Philippe,RE,2022-02-11 19:13:16,-21.3585,55.7679,76.59,74,13,7.92
110,Labrea,BR,2022-02-11 19:13:17,-7.2586,-64.7981,86.92,61,100,1.45
111,Fatehabad,IN,2022-02-11 19:13:17,29.5167,75.45,51.48,37,0,3.2
112,College,US,2022-02-11 19:13:18,64.8569,-147.8028,-0.78,75,75,4.61
113,New Norfolk,AU,2022-02-11 19:13:18,-42.7826,147.0587,51.93,67,61,1.99
114,East London,ZA,2022-02-11 19:13:18,-33.0153,27.9116,74.79,84,100,6.4
115,Zhangjiakou,CN,2022-02-11 19:13:19,40.81,114.8794,25.68,58,94,4.38
116,Jamestown,US,2022-02-11 19:12:36,42.097,-79.2353,54.72,42,100,14.97
117,Half Moon Bay,US,2022-02-11 19:13:19,37.4636,-122.4286,75.88,54,0,11.5
118,Coos Bay,US,2022-02-11 19:13:20,43.3665,-124.2179,56.14,71,0,0.0
119,San Jose,US,2022-02-11 19:12:11,37.3394,-121.895,75.85,47,20,3.44
120,Abu Samrah,SY,2022-02-11 19:13:21,35.3029,37.1841,48.38,63,0,4.52
121,Avarua,CK,2022-02-11 19:13:21,-21.2078,-159.775,78.85,89,0,8.05
122,Airai,TL,2022-02-11 19:12:50,-8.9266,125.4092,60.67,94,100,0.98
123,Port Elizabeth,ZA,2022-02-11 19:13:22,-33.918,25.5701,67.08,80,0,2.24
124,Shirokiy,RU,2022-02-11 19:13:22,49.758,129.523,3.76,96,100,7.16
125,Cockburn Town,TC,2022-02-11 19:13:23,21.4612,-71.1419,78.01,78,0,18.19
126,Bida,NG,2022-02-11 19:13:23,9.0833,6.0167,85.96,8,38,4.23
127,Casablanca,MA,2022-02-11 19:13:24,33.5928,-7.6192,59.76,82,75,4.61
128,Bredasdorp,ZA,2022-02-11 19:13:24,-34.5322,20.0403,64.27,83,5,4.09
129,Atuona,PF,2022-02-11 19:13:24,-9.8,-139.0333,77.65,76,8,14.5
130,Whitianga,NZ,2022-02-11 19:13:25,-36.8333,175.7,74.01,98,100,9.08
131,Pangnirtung,CA,2022-02-11 19:13:25,66.1451,-65.7125,2.03,81,100,5.19
132,Sheridan,US,2022-02-11 19:13:26,44.8333,-106.9173,32.18,82,100,18.41
133,Liverpool,GB,2022-02-11 19:11:12,53.4106,-2.9779,42.75,75,40,14.97
134,Hithadhoo,MV,2022-02-11 19:12:43,-0.6,73.0833,81.7,70,100,7.58
135,Butaritari,KI,2022-02-11 19:13:26,3.0707,172.7902,81.03,79,58,15.77
136,Leningradskiy,RU,2022-02-11 19:13:27,69.3833,178.4167,-18.56,97,99,4.88
137,Lumphat,KH,2022-02-11 19:14:27,13.4878,106.9816,74.79,68,100,7.16
138,Saurimo,AO,2022-02-11 19:14:28,-9.6608,20.3916,67.86,84,100,1.41
139,Kabalo,CD,2022-02-11 19:14:29,-6.05,26.9167,70.92,97,99,4.54
140,Yerbogachen,RU,2022-02-11 19:14:29,61.2767,108.0108,-11.02,97,100,3.38
141,Kavieng,PG,2022-02-11 19:11:18,-2.5744,150.7967,81.09,80,100,7.96
142,Buala,SB,2022-02-11 19:14:30,-8.145,159.5921,75.74,96,100,3.06
143,Temirtau,KZ,2022-02-11 19:14:30,50.0544,72.9483,-1.95,91,100,9.95
144,Casper,US,2022-02-11 19:14:31,42.8666,-106.3131,32.72,64,100,14.97
145,Prado,BR,2022-02-11 19:14:31,-17.3411,-39.2208,82.65,66,1,9.24
146,Codrington,AU,2022-02-11 19:14:32,-38.2667,141.9667,52.39,88,2,7.23
147,Qingdao,CN,2022-02-11 19:14:32,36.0986,120.3719,40.46,67,7,2.59
148,Dubbo,AU,2022-02-11 19:14:32,-32.25,148.6167,59.13,88,5,8.05
149,Bairiki,KI,2022-02-11 19:14:33,1.3292,172.9752,80.6,78,20,11.5
150,Caravelas,BR,2022-02-11 19:14:33,-17.7125,-39.2481,84.31,57,0,8.97
151,Georgetown,MY,2022-02-11 19:13:11,5.4112,100.3354,78.89,85,20,0.0
152,Rovaniemi,FI,2022-02-11 19:14:34,66.5,25.7167,18.81,86,0,5.75
153,Zhanjiang,CN,2022-02-11 19:14:34,21.2815,110.3427,65.25,97,100,10.74
154,Minab,IR,2022-02-11 19:14:35,27.1467,57.0801,63.9,67,0,2.51
155,Vetluzhskiy,RU,2022-02-11 19:14:35,58.3902,45.4654,22.41,98,100,4.5
156,Tuatapere,NZ,2022-02-11 19:14:36,-46.1333,167.6833,54.82,82,52,6.24
157,Parana,AR,2022-02-11 19:13:27,-31.732,-60.5238,84.74,29,100,18.23
158,Finschhafen,PG,2022-02-11 19:14:36,-6.6024,147.8681,78.71,82,100,4.94
159,Eureka,US,2022-02-11 19:13:18,40.8021,-124.1637,68.2,66,0,4.03
160,Nadym,RU,2022-02-11 19:14:37,65.5333,72.5167,-2.47,81,0,17.78
161,Yellowknife,CA,2022-02-11 19:14:37,62.456,-114.3525,-12.48,85,100,2.3
162,Kindu,CD,2022-02-11 19:14:38,-2.95,25.95,71.6,88,85,1.05
163,Progreso,MX,2022-02-11 19:14:38,21.2833,-89.6667,86.11,64,18,12.28
164,Merauke,ID,2022-02-11 19:12:51,-8.4667,140.3333,75.83,87,14,2.93
165,Torbay,CA,2022-02-11 19:14:39,47.6666,-52.7314,43.57,82,100,23.02
166,Constitucion,CL,2022-02-11 19:14:39,-35.3333,-72.4167,70.34,43,0,16.15
167,Tocopilla,CL,2022-02-11 19:14:40,-22.092,-70.1979,73.15,62,16,6.35
168,Cape Town,ZA,2022-02-11 19:14:40,-33.9258,18.4232,71.11,77,0,18.41
169,Road Town,VG,2022-02-11 19:11:32,18.4167,-64.6167,82.49,57,20,18.41
170,Lyaskelya,RU,2022-02-11 19:14:41,61.7667,31.0167,19.35,94,68,7.09
171,Ponta Do Sol,PT,2022-02-11 19:14:41,32.6667,-17.1,65.03,73,18,3.11
172,Manoel Urbano,BR,2022-02-11 19:14:42,-8.8389,-69.2597,85.14,67,100,4.76
173,Tiksi,RU,2022-02-11 19:12:53,71.6872,128.8694,-13.11,94,98,14.76
174,Dongsheng,CN,2022-02-11 19:14:42,39.8161,109.9776,24.42,73,100,14.03
175,Bhag,PK,2022-02-11 19:14:43,29.0415,67.8239,66.24,25,0,3.87
176,Thompson,CA,2022-02-11 19:14:43,55.7435,-97.8558,-16.44,58,0,6.91
177,Lichinga,MZ,2022-02-11 19:14:43,-13.3128,35.2406,61.16,98,100,3.15
178,Ocean City,US,2022-02-11 19:11:28,39.2776,-74.5746,62.38,61,0,5.99
179,Laranjeiras Do Sul,BR,2022-02-11 19:14:44,-25.4078,-52.4161,86.81,31,28,2.59
180,Czersk,PL,2022-02-11 19:14:45,53.7959,17.9765,34.56,91,100,12.26
181,Filadelfia,US,2022-02-11 19:12:13,39.9523,-75.1638,62.62,31,20,16.11
182,Chapais,CA,2022-02-11 19:14:45,49.7834,-74.8492,8.38,93,100,9.17
183,Khatanga,RU,2022-02-11 19:15:46,71.9667,102.5,2.17,80,75,15.75
184,Mildura,AU,2022-02-11 19:15:46,-34.2,142.15,57.16,58,0,6.91
185,Rodos,GR,2022-02-11 19:15:47,36.4408,28.2225,51.78,70,0,0.0
186,Luderitz,NA,2022-02-11 19:15:47,-26.6481,15.1594,79.27,59,100,14.58
187,Selenginsk,RU,2022-02-11 19:15:48,52.0064,106.8647,-22.63,98,100,2.86
188,Rosetta,EG,2022-02-11 19:15:48,31.4044,30.4164,54.63,73,0,7.23
189,Dwarka,IN,2022-02-11 19:15:49,22.2394,68.9678,71.28,55,0,10.49
190,Barinas,VE,2022-02-11 19:15:49,8.6226,-70.2075,98.64,28,100,8.05
191,Yulara,AU,2022-02-11 19:15:49,-25.2406,130.9889,67.84,42,0,6.91
192,Faanui,PF,2022-02-11 19:15:50,-16.4833,-151.75,81.54,72,87,14.76
193,Okha,RU,2022-02-11 19:15:50,53.5739,142.9478,16.81,93,100,5.14
194,Ca Mau,VN,2022-02-11 19:15:51,9.1769,105.15,76.86,83,100,8.21
195,Lauro Muller,BR,2022-02-11 19:15:51,-28.3928,-49.3967,76.75,74,61,1.34
196,Rocha,UY,2022-02-11 19:15:52,-34.4833,-54.3333,85.32,48,96,9.31
197,Mar Del Plata,AR,2022-02-11 19:12:49,-38.0023,-57.5575,62.87,74,100,23.02
198,Coquimbo,CL,2022-02-11 19:15:52,-29.9533,-71.3436,73.13,56,0,12.66
199,Ust-Maya,RU,2022-02-11 19:15:53,60.4167,134.5333,-35.32,100,85,0.65
200,Oksfjord,NO,2022-02-11 19:15:53,70.2396,22.3479,31.12,74,100,8.34
201,La Ronge,CA,2022-02-11 19:15:54,55.1001,-105.2842,-16.35,52,83,2.3
202,Hamilton,US,2022-02-11 19:15:54,39.1834,-84.5333,58.05,47,100,16.11
203,Krasnoarmeysk,RU,2022-02-11 19:15:55,51.0239,45.6969,33.08,97,100,17.2
204,Izumo,JP,2022-02-11 19:15:55,35.3667,132.7667,31.95,79,100,2.75
205,Klaksvik,FO,2022-02-11 19:15:56,62.2266,-6.589,40.12,74,100,12.21
206,Tasiilaq,GL,2022-02-11 19:15:57,65.6145,-37.6368,12.36,58,100,5.35
207,Kitchener,CA,2022-02-11 19:13:02,43.4254,-80.5112,36.21,97,100,14.0
208,Portland,US,2022-02-11 19:15:58,45.5234,-122.6762,59.27,70,20,8.99
209,Mufumbwe,ZM,2022-02-11 19:15:58,-13.6833,24.8,64.98,93,100,1.03
210,Victoria,HK,2022-02-11 19:12:06,22.2855,114.1577,67.95,88,33,3.0
211,Ilulissat,GL,2022-02-11 19:15:59,69.2167,-51.1,24.82,74,75,2.3
212,Cedar City,US,2022-02-11 19:15:59,37.6775,-113.0619,55.4,28,0,16.11
213,Saint-Francois,FR,2022-02-11 19:16:00,46.4154,3.9054,36.68,78,0,3.44
214,Beloha,MG,2022-02-11 19:16:00,-25.1667,45.05,74.8,90,58,12.88
215,Port-Gentil,GA,2022-02-11 19:16:01,-0.7193,8.7815,81.05,80,19,9.19
216,Kupang,ID,2022-02-11 19:16:01,-10.1667,123.5833,77.04,88,100,1.23
217,Kitimat,CA,2022-02-11 19:16:02,54.0524,-128.6534,34.92,30,100,2.04
218,Kavaratti,IN,2022-02-11 19:16:02,10.5669,72.642,80.38,76,39,10.25
219,Christchurch,NZ,2022-02-11 19:13:14,-43.5333,172.6333,63.03,93,75,3.44
220,Hay River,CA,2022-02-11 19:15:26,60.8156,-115.7999,-4.02,71,75,4.61
221,Bengkulu,ID,2022-02-11 19:16:03,-3.8004,102.2655,74.52,88,100,5.21
222,Sao Filipe,CV,2022-02-11 19:16:04,14.8961,-24.4956,79.57,53,12,15.64
223,Salinas,US,2022-02-11 19:14:58,36.6777,-121.6555,78.73,32,0,5.75
224,Hambantota,LK,2022-02-11 19:16:05,6.1241,81.1185,77.05,88,90,13.02
225,Ubatuba,BR,2022-02-11 19:15:08,-23.4339,-45.0711,83.73,83,84,4.23
226,Muisne,EC,2022-02-11 19:16:05,0.6,-80.0333,82.51,79,44,8.59
227,Maun,BW,2022-02-11 19:12:28,-19.9833,23.4167,71.55,72,16,4.56
228,Manakara,MG,2022-02-11 19:16:06,-22.1333,48.0167,76.39,84,25,3.6
229,Karla,EE,2022-02-11 19:16:07,59.3723,24.9275,31.71,74,40,13.8
230,Tambilil,PH,2022-02-11 19:17:07,5.9622,124.6697,77.83,81,99,3.65
231,Belmonte,BR,2022-02-11 19:17:08,-15.8631,-38.8828,82.9,65,1,8.95
232,Sao Joao Da Barra,BR,2022-02-11 19:17:08,-21.6403,-41.0511,82.49,83,100,10.04
233,Aracuai,BR,2022-02-11 19:17:08,-16.8497,-42.0703,84.87,65,96,2.13
234,Pangody,RU,2022-02-11 19:17:09,65.85,74.4859,-4.23,80,0,15.7
235,Corrente,BR,2022-02-11 19:17:09,-3.7367,-43.3394,86.56,57,89,3.49
236,Flinders,AU,2022-02-11 19:17:10,-34.5833,150.8552,70.21,88,100,5.99
237,Payo,ID,2022-02-11 19:17:10,-3.7508,103.6372,70.25,91,100,2.66
238,Nanakuli,US,2022-02-11 19:17:11,21.3906,-158.1547,77.7,70,0,3.44
239,Gat,IL,2022-02-11 19:17:12,31.61,34.7642,53.4,100,12,5.7
240,Lata,PT,2022-02-11 19:17:12,40.1629,-8.3327,57.72,86,100,1.97
241,Retalhuleu,GT,2022-02-11 19:17:12,14.5333,-91.6833,94.87,57,40,6.91
242,Camabatela,AO,2022-02-11 19:17:13,-8.1881,15.375,64.76,89,99,2.64
243,Chuy,UY,2022-02-11 19:17:14,-33.6971,-53.4616,81.9,61,88,14.83
244,Pitimbu,BR,2022-02-11 19:17:14,-7.4706,-34.8086,86.59,68,85,12.39
245,Inhambane,MZ,2022-02-11 19:17:15,-23.865,35.3833,75.7,76,7,9.84
246,Kirakira,SB,2022-02-11 19:17:16,-10.4544,161.9205,76.48,92,100,9.66
247,Huarmey,PE,2022-02-11 19:14:16,-10.0681,-78.1522,75.83,71,45,10.98
248,Uglovskoye,RU,2022-02-11 19:17:17,51.3557,80.1942,-13.32,99,40,6.58
249,Silvassa,IN,2022-02-11 19:17:17,20.2667,73.0167,70.34,30,0,3.89
250,Ribeira Grande,PT,2022-02-11 19:17:18,38.5167,-28.7,61.2,72,40,5.75
251,Lalmohan,BD,2022-02-11 19:17:18,22.3384,90.7419,66.81,65,3,9.42
252,Jalu,LY,2022-02-11 19:17:19,29.0331,21.5482,55.58,48,0,6.8
253,Dawson Creek,CA,2022-02-11 19:15:41,55.7666,-120.2362,28.04,50,40,8.05
254,Laguna,US,2022-02-11 19:17:19,38.421,-121.4238,75.04,61,0,4.61
255,Tigre,AR,2022-02-11 19:17:20,-34.426,-58.5796,73.4,90,100,18.41
256,Saldanha,ZA,2022-02-11 19:17:20,-33.0117,17.9442,65.53,90,0,21.0
257,Kysyl-Syr,RU,2022-02-11 19:17:21,63.8986,122.7617,-26.72,100,89,2.39
258,Senno,RU,2022-02-11 19:17:21,59.5336,33.9167,27.12,96,100,8.37
259,Hovd,MN,2022-02-11 19:17:22,48.0056,91.6419,-14.1,87,89,4.34
260,Waingapu,ID,2022-02-11 19:17:22,-9.6567,120.2641,78.31,83,100,2.53
261,Lompoc,US,2022-02-11 19:17:23,34.6391,-120.4579,83.08,41,0,4.61
262,Talnakh,RU,2022-02-11 19:17:23,69.4865,88.3972,-11.16,89,100,10.07
263,Kahului,US,2022-02-11 19:17:24,20.8947,-156.47,76.26,75,20,5.01
264,Araouane,ML,2022-02-11 19:17:24,18.9048,-3.5265,68.45,15,45,10.11
265,Vega De Alatorre,MX,2022-02-11 19:17:25,20.0333,-96.6333,72.18,72,31,6.53
266,Clyde River,CA,2022-02-11 19:17:25,70.4692,-68.5914,-14.57,76,100,31.07
267,Sandwick,GB,2022-02-11 19:17:26,60.0,-1.25,42.62,75,40,21.85
268,Okitipupa,NG,2022-02-11 19:17:26,6.5047,4.7839,79.21,86,10,5.68
269,Takoradi,GH,2022-02-11 19:17:26,4.8845,-1.7554,80.82,80,8,10.18
270,Osoyoos,CA,2022-02-11 19:15:41,49.0331,-119.4524,49.03,37,90,8.05
271,Saint-Augustin,CA,2022-02-11 19:17:27,51.226,-58.6502,33.57,88,14,16.53
272,Gombe,NG,2022-02-11 19:17:27,10.2897,11.1673,77.07,14,5,7.94
273,Tobermory,CA,2022-02-11 19:17:28,45.2501,-81.6665,36.3,98,100,22.86
274,Pembroke,CA,2022-02-11 19:14:06,45.8168,-77.1162,35.67,80,100,10.09
275,Ambon,ID,2022-02-11 19:18:28,-3.6954,128.1814,75.34,94,40,4.61
276,Lovozero,RU,2022-02-11 19:18:29,68.005,35.0117,13.33,97,100,4.14
277,Lagoa,PT,2022-02-11 19:18:29,39.05,-27.9833,59.79,79,100,13.6
278,Mandalgovi,MN,2022-02-11 19:18:30,45.7625,106.2708,-3.96,67,89,5.68
279,Athabasca,CA,2022-02-11 19:18:30,54.7169,-113.2854,15.49,69,100,8.75
280,Port Keats,AU,2022-02-11 19:18:31,-14.25,129.55,80.65,84,0,2.95
281,Port Hedland,AU,2022-02-11 19:18:31,-20.3167,118.5667,84.25,84,71,4.61
282,Lagunas,PE,2022-02-11 19:18:32,-5.2269,-75.6753,93.87,39,100,5.41
283,Pimentel,PE,2022-02-11 19:18:32,-6.8367,-79.9342,82.69,47,0,17.27
284,Aksu,CN,2022-02-11 19:18:32,41.1231,80.2644,27.01,45,13,3.71
285,Am Timan,TD,2022-02-11 19:18:33,11.0297,20.2827,81.25,12,0,4.52
286,Swellendam,ZA,2022-02-11 19:18:33,-34.0226,20.4417,70.61,71,0,8.23
287,Margate,GB,2022-02-11 19:18:34,51.3813,1.3862,41.04,73,91,1.01
288,Bambanglipuro,ID,2022-02-11 19:18:34,-7.95,110.2833,77.22,86,100,3.31
289,Kokopo,PG,2022-02-11 19:18:34,-4.352,152.2633,76.46,87,100,5.35
290,Severnyy,RU,2022-02-11 19:18:35,50.677,36.5532,33.84,86,75,8.95
291,Bonthe,SL,2022-02-11 19:18:35,7.5264,-12.505,80.22,80,8,11.18
292,Ust-Tsilma,RU,2022-02-11 19:18:36,65.441,52.1498,17.31,93,100,10.07
293,Itarema,BR,2022-02-11 19:18:09,-2.9248,-39.9167,84.09,65,75,15.03
294,Hasaki,JP,2022-02-11 19:18:36,35.7333,140.8333,30.6,57,13,13.76
295,Krasnoselkup,RU,2022-02-11 19:18:37,65.7,82.4667,-17.82,97,11,6.96
296,Dunedin,NZ,2022-02-11 19:18:37,-45.8742,170.5036,54.99,95,100,3.38
297,Terrace,CA,2022-02-11 19:18:38,54.5163,-128.6035,34.43,100,75,2.3
298,Muroto,JP,2022-02-11 19:18:38,33.2833,134.15,48.18,65,100,9.95
299,Ambilobe,MG,2022-02-11 19:18:39,-13.2,49.05,73.67,96,100,1.7
300,Gravdal,NO,2022-02-11 19:18:39,68.1214,13.5031,24.48,93,40,4.61
301,Moroni,KM,2022-02-11 19:18:40,-11.7022,43.2551,77.97,79,100,1.5
302,Mackay,AU,2022-02-11 19:15:41,-21.15,149.2,70.68,73,12,7.83
303,Estelle,US,2022-02-11 19:18:41,29.8458,-90.1067,71.01,43,40,5.99
304,Cap Malheureux,MU,2022-02-11 19:18:41,-19.9842,57.6142,77.49,78,100,1.99
305,Borogontsy,RU,2022-02-11 19:18:41,62.6683,131.1683,-37.66,100,91,1.79
306,Bintulu,MY,2022-02-11 19:18:42,3.1667,113.0333,73.81,100,40,0.0
307,Cidreira,BR,2022-02-11 19:18:42,-30.1811,-50.2056,78.39,74,0,17.54
308,Bubaque,GW,2022-02-11 19:18:43,11.2833,-15.8333,79.47,66,56,14.45
309,Mount Gambier,AU,2022-02-11 19:18:43,-37.8333,140.7667,51.44,89,0,7.18
310,Saint-Joseph,RE,2022-02-11 19:18:44,-21.3667,55.6167,75.58,74,15,4.52
311,Yokadouma,CM,2022-02-11 19:18:44,3.5167,15.05,75.63,22,98,1.25
312,Pietersburg,ZA,2022-02-11 19:18:44,-23.9045,29.4688,68.85,43,84,3.44
313,Isangel,VU,2022-02-11 19:18:45,-19.55,169.2667,80.71,83,75,2.3
314,Kaeo,NZ,2022-02-11 19:18:45,-35.1,173.7833,75.33,98,100,11.77
315,Dicabisagan,PH,2022-02-11 19:18:46,17.0818,122.4157,74.25,87,86,4.72
316,Ilam,NP,2022-02-11 19:18:46,26.9167,87.9167,47.39,85,27,3.02
317,Banjar,ID,2022-02-11 19:18:46,-8.19,114.9675,78.66,94,100,1.81
318,Porbandar,IN,2022-02-11 19:18:30,21.6422,69.6093,70.83,40,0,10.56
319,Dinard,FR,2022-02-11 19:18:47,48.6314,-2.0614,44.69,75,0,5.75
320,Ilebo,CD,2022-02-11 19:19:47,-4.3167,20.5833,71.64,94,46,1.57
321,Caldas Novas,BR,2022-02-11 19:19:48,-17.7417,-48.625,75.92,80,42,8.23
322,Solvychegodsk,RU,2022-02-11 19:19:48,61.3305,46.9156,22.32,96,97,4.72
323,Vila Franca Do Campo,PT,2022-02-11 19:19:49,37.7167,-25.4333,63.19,69,62,3.67
324,Buchanan,LR,2022-02-11 19:19:50,5.8808,-10.0467,84.16,81,31,8.7
325,Cayenne,GF,2022-02-11 19:19:50,4.9333,-52.3333,80.64,90,75,8.05
326,Parambu,BR,2022-02-11 19:19:50,-6.2111,-40.6944,84.04,51,100,2.93
327,Villa Bruzual,VE,2022-02-11 19:19:51,9.3328,-69.1208,93.13,33,74,3.91
328,Camacupa,AO,2022-02-11 19:19:51,-12.0167,17.4833,64.83,79,47,4.52
329,Santa Rosa,PH,2022-02-11 19:15:09,14.3122,121.1114,78.12,77,32,9.89
330,Coahuayana,MX,2022-02-11 19:19:52,18.7333,-103.6833,81.88,21,0,6.33
331,Andenes,NO,2022-02-11 19:19:53,69.3143,16.1194,24.78,74,40,8.05
332,Praia,CV,2022-02-11 19:19:53,14.9215,-23.5087,79.34,47,11,20.71
333,Emerald,AU,2022-02-11 19:18:51,-23.5333,148.1667,69.35,74,0,8.37
334,Namwala,ZM,2022-02-11 19:19:54,-15.7504,26.4384,65.7,97,100,4.72
335,Bilibino,RU,2022-02-11 19:19:54,68.0546,166.4372,-36.58,97,35,2.37
336,Orlik,RU,2022-02-11 19:19:54,52.5178,99.825,-30.78,98,57,2.01
337,Walvis Bay,NA,2022-02-11 19:19:55,-22.9575,14.5053,74.35,68,17,10.36
338,Paka,MY,2022-02-11 19:19:55,4.6374,103.4368,75.13,94,100,2.3
339,Vila Do Maio,CV,2022-02-11 19:19:56,15.1333,-23.2167,79.59,74,8,13.8
340,Huadian,CN,2022-02-11 19:19:56,42.9633,126.7478,-1.75,100,77,2.57
341,Opuwo,NA,2022-02-11 19:19:57,-18.0607,13.84,72.84,74,100,5.39
342,Huilong,CN,2022-02-11 19:19:57,31.8111,121.655,45.03,79,100,11.65
343,Talara,PE,2022-02-11 19:19:58,-4.5772,-81.2719,92.16,43,0,16.11
344,Maniitsoq,GL,2022-02-11 19:19:58,65.4167,-52.9,27.81,97,100,19.55
345,Spirit River,CA,2022-02-11 19:19:59,55.7833,-118.8361,28.92,54,100,10.51
346,Fecamp,FR,2022-02-11 19:19:59,49.7579,0.3746,42.57,80,100,2.46
347,Sarakhs,IR,2022-02-11 19:19:59,36.5449,61.1577,50.14,66,100,4.61
348,Panjab,AF,2022-02-11 19:20:00,34.388,67.0233,5.23,59,80,4.7
349,Zelenoborskiy,RU,2022-02-11 19:20:00,66.845,32.3622,4.48,98,98,5.06
350,Auchel,FR,2022-02-11 19:20:01,50.5034,2.4735,39.34,88,79,3.98
351,Kununurra,AU,2022-02-11 19:20:02,-15.7667,128.7333,78.78,94,75,0.0
352,Outjo,NA,2022-02-11 19:20:02,-20.1167,16.15,72.41,62,100,1.83
353,Okhotsk,RU,2022-02-11 19:20:03,59.3833,143.3,-10.89,87,84,7.81
354,Urusha,RU,2022-02-11 19:20:04,54.05,122.9,-12.28,90,100,3.06
355,Khawhai,IN,2022-02-11 19:20:04,23.3667,93.1167,39.69,83,0,1.77
356,Tahe,CN,2022-02-11 19:20:05,52.3333,124.7333,-12.64,96,100,3.42
357,Kontagora,NG,2022-02-11 19:20:05,10.3999,5.4695,83.14,9,6,4.92
358,Kwinana,AU,2022-02-11 19:20:06,-32.25,115.7667,71.24,80,65,10.54
359,Turochak,RU,2022-02-11 19:20:06,52.2576,87.1224,-12.03,100,41,2.57
360,Namibe,AO,2022-02-11 19:20:06,-15.1961,12.1522,76.05,83,84,4.27
361,Sorland,NO,2022-02-11 19:20:07,67.667,12.6934,31.86,54,100,17.54
362,Kyra,RU,2022-02-11 19:20:07,49.5776,111.9753,-17.86,95,25,4.7
363,Vizinga,RU,2022-02-11 19:20:08,61.0749,50.1031,18.64,96,100,5.55
364,Nanortalik,GL,2022-02-11 19:20:08,60.1432,-45.2371,30.07,80,100,5.7
365,Tilichiki,RU,2022-02-11 19:21:09,60.4667,166.1,-17.99,86,4,8.88
366,Kenai,US,2022-02-11 19:21:09,60.5544,-151.2583,23.05,86,100,19.57
367,Vao,NC,2022-02-11 19:21:09,-22.6667,167.4833,80.55,83,100,17.49
368,Kerema,PG,2022-02-11 19:21:10,-7.9631,145.7785,75.65,82,100,4.85
369,Longyearbyen,SJ,2022-02-11 19:21:10,78.2186,15.6401,21.04,93,75,2.3
370,Hami,CN,2022-02-11 19:21:11,42.8,93.45,30.06,52,100,1.57
371,Ginir,ET,2022-02-11 19:21:11,7.1333,40.7,62.49,32,82,4.59
372,Ust-Tarka,RU,2022-02-11 19:21:12,55.5672,75.705,-14.64,100,53,7.09
373,Zhob,PK,2022-02-11 19:21:12,31.3411,69.4481,50.2,25,0,4.52
374,Port Lincoln,AU,2022-02-11 19:21:12,-34.7333,135.8667,64.04,76,0,14.56
375,Port Augusta,AU,2022-02-11 19:21:13,-32.5,137.7667,61.7,48,0,5.66
376,Byron Bay,AU,2022-02-11 19:21:13,-28.65,153.6167,71.87,80,93,14.61
377,Dingle,PH,2022-02-11 19:21:14,10.9995,122.6711,74.59,91,100,7.02
378,Natal,BR,2022-02-11 19:21:14,-5.795,-35.2094,86.65,70,40,16.11
379,Matara,LK,2022-02-11 19:21:15,5.9485,80.5353,75.67,91,100,8.08
380,Lazaro Cardenas,MX,2022-02-11 19:21:15,17.9583,-102.2,84.31,33,5,8.32
381,Kruisfontein,ZA,2022-02-11 19:21:16,-34.0033,24.7314,64.0,79,0,1.99
382,Yalta,UA,2022-02-11 19:21:16,44.5,34.1667,41.63,81,3,9.24
383,Rantepao,ID,2022-02-11 19:21:17,-2.9701,119.8978,67.95,97,100,1.36
384,Batagay-Alyta,RU,2022-02-11 19:21:17,67.8006,130.4114,-16.73,87,100,4.21
385,Pak Phanang,TH,2022-02-11 19:21:18,8.3511,100.202,78.78,80,100,3.15
386,Rosarito,MX,2022-02-11 19:17:07,32.3333,-117.0333,86.65,38,0,3.85
387,Port Blair,IN,2022-02-11 19:19:22,11.6667,92.75,77.04,83,40,2.3
388,Sierra Vista,US,2022-02-11 19:21:19,31.5545,-110.3037,68.72,16,0,14.97
389,Kodiak,US,2022-02-11 19:21:19,57.79,-152.4072,36.91,93,100,8.05
390,Vanimo,PG,2022-02-11 19:21:20,-2.6741,141.3028,76.46,89,100,4.85
391,Kondinskoye,RU,2022-02-11 19:21:20,59.6481,67.41,-0.87,88,86,13.13
392,La Rioja,ES,2022-02-11 19:21:21,42.25,-2.5,44.04,87,100,2.13
393,Marsa Matruh,EG,2022-02-11 19:21:21,31.3525,27.2453,56.1,62,3,4.63
394,Naze,JP,2022-02-11 19:21:22,28.3667,129.4833,57.42,66,100,8.08
395,Mountain Home,US,2022-02-11 19:21:22,43.133,-115.6912,42.21,100,20,17.27
396,Matagami,CA,2022-02-11 19:21:23,49.7502,-77.6328,14.11,79,100,6.91
397,Shira,RU,2022-02-11 19:21:23,54.4911,89.9531,-19.03,97,6,3.06
398,Seoul,KR,2022-02-11 19:16:43,37.5683,126.9778,33.24,93,100,2.3
399,Umm Kaddadah,SD,2022-02-11 19:21:24,13.6017,26.6876,61.14,16,0,13.11
400,Ios,GR,2022-02-11 19:21:24,36.7333,25.2833,54.05,59,0,5.59
401,Lensk,RU,2022-02-11 19:21:24,60.7253,114.9278,-6.95,97,100,5.14
402,Taltal,CL,2022-02-11 19:19:51,-25.4,-70.4833,71.08,66,17,6.38
403,Camana,PE,2022-02-11 19:21:25,-16.6228,-72.7111,74.84,66,14,9.78
404,Cherdyn,RU,2022-02-11 19:21:26,60.403,56.4787,11.97,94,100,9.35
405,Auki,SB,2022-02-11 19:21:26,-8.7676,160.7034,75.0,97,100,5.19
406,Gornopravdinsk,RU,2022-02-11 19:21:27,60.05,69.9,2.39,89,10,10.58
407,San Policarpo,PH,2022-02-11 19:21:27,12.1791,125.5072,78.48,89,100,15.84
408,Bocas Del Toro,PA,2022-02-11 19:21:27,9.3333,-82.25,85.08,71,74,7.09
409,Bremerton,US,2022-02-11 19:21:28,47.5673,-122.6326,50.02,81,0,12.66
410,Nizwa,OM,2022-02-11 19:21:28,22.9333,57.5333,65.26,43,0,7.45
411,Nouadhibou,MR,2022-02-11 19:22:29,20.931,-17.0347,78.78,36,83,10.36
412,Qaqortoq,GL,2022-02-11 19:22:29,60.7167,-46.0333,23.5,79,100,4.14
413,Yaan,NG,2022-02-11 19:22:30,7.3833,8.5667,87.69,9,2,4.68
414,Mayo,US,2022-02-11 19:22:30,38.8876,-76.5119,66.78,40,0,12.66
415,Ust-Nera,RU,2022-02-11 19:22:31,64.5667,143.2,-35.25,99,65,2.48
416,Ibra,OM,2022-02-11 19:22:31,22.6906,58.5334,63.52,57,0,3.6
417,Koster,ZA,2022-02-11 19:22:32,-25.863,26.8976,66.7,42,88,4.45
418,Nkoteng,CM,2022-02-11 19:22:32,4.5167,12.0333,77.59,19,36,2.1
419,Azangaro,PE,2022-02-11 19:22:33,-14.9167,-70.2167,64.13,31,5,4.72
420,Arman,RU,2022-02-11 19:22:33,59.7,150.1667,-6.75,80,91,6.62
421,Kimbe,PG,2022-02-11 19:22:34,-5.5502,150.1429,75.92,92,100,0.63
422,Tadotsu,JP,2022-02-11 19:22:34,34.275,133.75,31.82,66,97,3.27
423,Rura,IN,2022-02-11 19:22:35,26.4833,79.9,52.34,53,0,7.36
424,Yumen,CN,2022-02-11 19:22:35,40.2833,97.2,23.83,45,100,6.31
425,Fare,PF,2022-02-11 19:22:36,-16.7,-151.0167,81.34,73,33,14.94
426,Maragogi,BR,2022-02-11 19:22:36,-9.0122,-35.2225,84.67,64,100,16.11
427,Smithers,CA,2022-02-11 19:22:36,54.7804,-127.1743,23.32,86,100,4.61
428,Sept-Iles,CA,2022-02-11 19:17:46,50.2001,-66.3821,22.05,62,20,8.05
429,Sibolga,ID,2022-02-11 19:22:37,1.7427,98.7792,75.88,85,100,3.04
430,Anadyr,RU,2022-02-11 19:22:37,64.75,177.4833,-35.9,67,0,6.71
431,Mpulungu,ZM,2022-02-11 19:22:38,-8.7623,31.1141,70.12,85,29,2.51
432,Villa Rica,US,2022-02-11 19:22:05,33.7321,-84.9191,68.83,45,2,10.45
433,Hearst,CA,2022-02-11 19:22:38,49.6835,-83.6665,-0.15,95,100,13.87
434,Ulaanbaatar,MN,2022-02-11 19:18:10,47.9077,106.8832,-27.27,68,0,4.47
435,Prince Rupert,CA,2022-02-11 19:17:57,54.3161,-130.3201,37.49,87,0,3.44
436,Nantucket,US,2022-02-11 19:19:34,41.2835,-70.0995,52.14,72,20,10.36
437,Chumphon,TH,2022-02-11 19:22:39,10.3333,98.8333,69.94,96,100,1.25
438,Prieska,ZA,2022-02-11 19:22:40,-29.6641,22.7474,86.94,18,0,5.5
439,Pangkalanbuun,ID,2022-02-11 19:22:40,-2.6833,111.6167,73.4,96,100,2.33
440,Coihueco,CL,2022-02-11 19:22:41,-36.6167,-71.8333,81.34,23,0,11.5
441,Vila Velha,BR,2022-02-11 19:20:07,-20.3297,-40.2925,76.95,87,75,12.66
442,Alice Springs,AU,2022-02-11 19:22:41,-23.7,133.8833,62.15,82,0,0.0
443,Tucuman,AR,2022-02-11 19:22:42,-26.8241,-65.2226,73.4,73,100,11.5
444,Talcahuano,CL,2022-02-11 19:22:42,-36.7167,-73.1167,71.28,43,0,18.41
445,Atasu,KZ,2022-02-11 19:22:43,48.6814,71.6433,16.11,85,100,12.68
446,San Cristobal,VE,2022-02-11 19:22:43,7.7669,-72.225,68.18,57,84,3.24
447,Seydi,TM,2022-02-11 19:22:43,39.4816,62.9137,45.88,63,100,13.29
448,Wahpeton,US,2022-02-11 19:22:44,46.2652,-96.6059,2.12,78,100,34.52
449,Havoysund,NO,2022-02-11 19:22:44,70.9963,24.6622,31.08,57,100,19.8
450,Mersing,MY,2022-02-11 19:22:45,2.4312,103.8405,73.31,94,100,3.44
451,Comodoro Rivadavia,AR,2022-02-11 19:22:45,-45.8667,-67.5,69.66,28,0,13.8
452,Evensk,RU,2022-02-11 19:22:45,61.95,159.2333,-13.34,74,43,6.13
453,Puerto Leguizamo,CO,2022-02-11 19:22:46,-0.1934,-74.7819,86.25,57,100,2.28
454,Acapulco,MX,2022-02-11 19:21:30,16.8634,-99.8901,82.22,61,75,4.61
455,Oranjemund,NA,2022-02-11 19:22:46,-28.55,16.4333,66.87,75,100,11.9
456,Jumla,NP,2022-02-11 19:22:47,29.2747,82.1838,18.37,69,0,8.5
457,Yeniseysk,RU,2022-02-11 19:22:47,58.4497,92.1703,-10.7,97,13,4.59
458,Port-Cartier,CA,2022-02-11 19:23:48,50.0334,-66.8654,21.74,68,47,3.76
459,Bereda,ES,2022-02-11 19:23:48,43.2686,-7.5406,51.42,99,100,3.33
460,Berlevag,NO,2022-02-11 19:23:49,70.8578,29.0864,30.15,86,75,25.32
461,Aitape,PG,2022-02-11 19:23:49,-3.1374,142.3475,77.88,88,100,5.88
462,Severo-Kurilsk,RU,2022-02-11 19:23:49,50.6789,156.125,23.36,91,100,4.36
463,Helong,CN,2022-02-11 19:23:50,42.5397,128.9972,14.14,74,18,5.23
464,Cabras,IT,2022-02-11 19:23:50,39.93,8.5314,49.08,85,47,6.13
465,San Luis,AR,2022-02-11 19:23:51,-33.295,-66.3356,60.75,82,100,14.61
466,Horve,DK,2022-02-11 19:23:51,55.7529,11.453,35.94,73,0,11.48
467,Broome,US,2022-02-11 19:23:52,42.2506,-75.833,50.18,45,0,14.97
468,Burnie,AU,2022-02-11 19:23:52,-41.0667,145.9167,57.6,84,100,9.57
469,Bila Tserkva,UA,2022-02-11 19:22:09,49.8094,30.1121,34.27,92,100,2.62
470,Sobolevo,RU,2022-02-11 19:23:53,54.4299,31.8996,22.12,96,100,6.58
471,Kaabong,UG,2022-02-11 19:23:53,3.4836,34.1492,74.43,35,92,11.16
472,Ignatovka,RU,2022-02-11 19:23:53,53.9479,47.6536,23.52,97,100,3.96
473,Xining,CN,2022-02-11 19:23:54,36.6167,101.7667,20.35,96,100,3.15
474,Karratha,AU,2022-02-11 19:23:54,-20.7377,116.8463,84.83,71,9,4.07
475,Khabary,RU,2022-02-11 19:23:55,53.6259,79.5345,-16.22,100,76,5.68
476,Kushmurun,KZ,2022-02-11 19:23:55,52.4503,64.6311,26.53,95,100,16.08
477,Kourou,GF,2022-02-11 19:23:55,5.1552,-52.6478,80.65,83,52,7.45
478,Kumluca,TR,2022-02-11 19:23:56,36.3703,30.2869,49.68,60,0,3.83
479,Baherden,TM,2022-02-11 19:23:57,38.4362,57.4316,45.37,72,88,5.23
480,De-Kastri,RU,2022-02-11 19:23:57,51.4667,140.7833,17.73,96,100,4.41
481,Manicore,BR,2022-02-11 19:23:57,-5.8092,-61.3003,79.25,93,100,2.3
482,Verkhnevilyuysk,RU,2022-02-11 19:23:58,63.4453,120.3167,-17.57,100,85,3.18
483,Mezen,RU,2022-02-11 19:23:58,65.8522,44.24,19.78,96,100,6.06
484,Rong Kwang,TH,2022-02-11 19:23:59,18.339,100.3174,73.58,64,32,1.14
485,Berettyoujfalu,HU,2022-02-11 19:23:59,47.2167,21.55,47.89,81,100,8.86
486,Novoomskiy,RU,2022-02-11 19:24:00,54.8415,73.3017,-10.98,70,0,8.95
487,Beloyarskiy,RU,2022-02-11 19:24:00,63.7119,66.6722,4.39,83,100,10.71
488,Chimoio,MZ,2022-02-11 19:24:00,-19.1164,33.4833,71.46,83,20,4.61
489,Terney,RU,2022-02-11 19:24:01,45.0503,136.6092,23.47,94,100,3.44
490,Goya,AR,2022-02-11 19:24:01,-29.14,-59.2626,106.75,12,9,1.72
491,Rokytne,UA,2022-02-11 19:24:02,51.2796,27.214,34.18,99,100,1.95
492,Tougan,BF,2022-02-11 19:24:02,13.0667,-3.0667,80.85,8,2,10.69
493,Saint Anthony,US,2022-02-11 19:24:03,45.0205,-93.218,21.83,67,100,26.46
494,Dauphin,CA,2022-02-11 19:24:03,51.1494,-100.0502,-11.06,53,0,9.22
495,Mao,ES,2022-02-11 19:24:03,39.8885,4.2658,52.36,87,75,5.75
496,Pont-Audemer,FR,2022-02-11 19:24:04,49.35,0.5167,42.6,89,100,3.29
497,Siddhapur,IN,2022-02-11 19:24:04,23.9167,72.3833,61.0,26,5,5.01
498,Camopi,GF,2022-02-11 19:24:05,3.1655,-52.3158,79.32,90,92,3.44
499,Cairns,AU,2022-02-11 19:24:05,-16.9167,145.7667,73.35,93,75,1.14
500,Shakiso,ET,2022-02-11 19:24:05,5.75,38.9167,70.2,36,100,4.97
501,Adrar,MR,2022-02-11 19:24:06,20.5022,-10.0711,67.8,15,6,12.77
502,Chumikan,RU,2022-02-11 19:24:06,54.7183,135.315,6.78,96,100,5.59
503,Antsohihy,MG,2022-02-11 19:24:07,-14.8796,47.9875,73.71,97,45,3.2
504,Lavrentiya,RU,2022-02-11 19:24:07,65.5833,-171.0,-26.48,94,25,7.16
505,La Libertad,EC,2022-02-11 19:24:08,-2.2333,-80.9,83.86,61,0,11.5
506,Bonfim,BR,2022-02-11 19:25:08,3.0833,-59.95,98.19,26,79,7.0
507,Oranjestad,AW,2022-02-11 19:22:11,12.524,-70.027,85.95,54,20,21.85
508,Muros,ES,2022-02-11 19:25:09,42.7762,-9.0603,56.23,83,100,1.99
509,Awbari,LY,2022-02-11 19:25:09,26.5921,12.7805,53.37,33,0,8.12
510,Tak Bai,TH,2022-02-11 19:25:10,6.2595,102.0546,76.98,88,98,3.85
511,Warrnambool,AU,2022-02-11 19:25:10,-38.3833,142.4833,54.95,85,0,9.71
512,Kidal,ML,2022-02-11 19:25:11,18.4411,1.4078,74.88,9,59,9.08
513,Rio Grande,BR,2022-02-11 19:25:11,-32.035,-52.0986,86.11,70,0,19.86
514,Fukue,JP,2022-02-11 19:25:12,32.6881,128.8419,50.49,54,100,7.87
515,Muli,MV,2022-02-11 19:25:12,2.9167,73.5667,81.77,67,34,4.07
516,Banepa,NP,2022-02-11 19:25:12,27.6298,85.5214,43.12,87,20,2.3
517,Kawalu,ID,2022-02-11 19:25:13,-7.3817,108.2082,73.15,92,100,1.41
518,Strezhevoy,RU,2022-02-11 19:25:13,60.7333,77.5889,-9.02,100,43,4.54
519,Bonavista,CA,2022-02-11 19:25:14,48.6499,-53.1147,40.12,83,59,18.39
520,Kaseda,JP,2022-02-11 19:25:14,31.4167,130.3167,46.85,70,100,9.62
521,Bilma,NE,2022-02-11 19:25:15,18.6853,12.9164,66.79,18,0,6.96
522,Wad Rawah,SD,2022-02-11 19:25:15,15.1603,33.1397,74.8,13,0,13.91
523,Simao,CN,2022-02-11 19:25:15,22.7886,100.9748,49.48,53,0,1.32
524,Kuzhithurai,IN,2022-02-11 19:25:16,8.3167,77.1833,82.08,78,100,4.03
525,San Carlos De Bariloche,AR,2022-02-11 19:23:51,-41.1456,-71.3082,71.35,10,0,6.91
526,Ugoofaaru,MV,2022-02-11 19:21:15,5.6667,73.0,81.43,73,91,5.39
527,Wamba,NG,2022-02-11 19:25:17,8.9333,8.6,79.18,11,58,1.36
528,Barreiras,BR,2022-02-11 19:25:17,-12.1528,-44.99,87.6,48,47,5.03
529,Raudeberg,NO,2022-02-11 19:25:18,61.9875,5.1352,38.07,94,100,11.01
530,Udachnyy,RU,2022-02-11 19:25:18,66.4167,112.4,-7.31,100,99,3.56
531,Evanston,US,2022-02-11 19:25:19,42.0411,-87.6901,44.71,73,75,17.27
532,Yeppoon,AU,2022-02-11 19:25:19,-23.1333,150.7333,69.58,76,22,12.33
533,Tapiramuta,BR,2022-02-11 19:25:20,-11.8472,-40.7914,78.67,59,74,5.48
534,Te Anau,NZ,2022-02-11 19:25:20,-45.4167,167.7167,55.31,88,97,1.81
535,Wattegama,LK,2022-02-11 19:25:20,6.7989,81.4808,72.91,94,100,3.85
536,Conde,BR,2022-02-11 19:25:21,-7.2597,-34.9075,85.46,66,40,10.36
537,Namatanai,PG,2022-02-11 19:25:21,-3.6667,152.4333,78.37,81,100,3.49
538,Altus,US,2022-02-11 19:25:22,34.6381,-99.334,65.71,31,0,31.07
539,Geraldton,AU,2022-02-11 19:25:22,-28.7667,114.6,72.01,88,75,5.75
540,Beringovskiy,RU,2022-02-11 19:25:23,63.05,179.3167,-28.07,96,54,9.69
541,Grindavik,IS,2022-02-11 19:25:23,63.8424,-22.4338,30.67,64,75,14.97
542,Liwale,TZ,2022-02-11 19:25:23,-9.7667,37.9333,70.3,95,100,0.72
543,Bathsheba,BB,2022-02-11 19:25:24,13.2167,-59.5167,84.81,54,20,27.63
544,Zhigansk,RU,2022-02-11 19:25:24,66.7697,123.3711,-29.02,100,93,5.93
545,Kasongo-Lunda,CD,2022-02-11 19:25:25,-6.4667,16.8167,75.33,79,100,2.39
546,Elwood,AU,2022-02-11 19:20:31,-37.8817,144.983,64.15,87,32,8.05
547,Talaya,RU,2022-02-11 19:25:25,61.3833,152.75,-40.4,96,92,0.98
548,Vangaindrano,MG,2022-02-11 19:25:26,-23.35,47.6,75.92,89,46,4.27
549,Casino,AU,2022-02-11 19:25:26,-28.8667,153.05,69.55,88,25,3.44
550,Necochea,AR,2022-02-11 19:25:27,-38.5473,-58.7368,65.03,61,100,16.64
551,Bonoua,CI,2022-02-11 19:25:27,5.2741,-3.595,83.82,80,6,6.24
552,Saint-Pierre,RE,2022-02-11 19:26:28,-21.3393,55.4781,76.68,78,40,5.75
553,Soyo,AO,2022-02-11 19:26:28,-6.1349,12.3689,80.65,82,85,9.86
554,Aljezur,PT,2022-02-11 19:22:52,37.3191,-8.8033,56.71,67,12,6.08
555,Muyezerskiy,RU,2022-02-11 19:26:29,63.9333,31.65,16.48,90,66,10.22
556,Houston,US,2022-02-11 19:25:19,29.7633,-95.3633,75.15,43,0,5.99
557,Fortuna,US,2022-02-11 19:23:00,40.5982,-124.1573,69.93,57,0,0.0
558,Angoche,MZ,2022-02-11 19:26:30,-16.2325,39.9086,78.91,83,100,2.62
559,Yamada,JP,2022-02-11 19:26:30,39.4667,141.95,29.98,84,76,3.58
560,Constantine,DZ,2022-02-11 19:26:30,36.365,6.6147,47.61,71,20,6.91
561,Dakar,SN,2022-02-11 19:26:13,14.6937,-17.4441,94.08,57,0,4.61
562,Zhifang,CN,2022-02-11 19:26:31,30.35,114.3167,40.98,88,98,3.65
563,Trairi,BR,2022-02-11 19:26:32,-3.2778,-39.2689,83.28,69,9,11.74
564,Khani,GE,2022-02-11 19:26:32,41.9563,42.9566,27.97,82,13,6.42
565,Leh,IN,2022-02-11 19:26:33,34.1667,77.5833,-10.37,60,7,4.12
566,Loreto,MX,2022-02-11 19:26:33,22.2667,-101.9667,68.95,24,0,12.35
567,Saqqez,IR,2022-02-11 19:26:34,36.2499,46.2735,29.28,98,100,0.69
568,Yanam,IN,2022-02-11 19:26:34,16.7333,82.2167,70.86,83,44,3.49
569,Lugovoy,KZ,2022-02-11 19:26:35,42.9472,72.7644,37.4,62,100,7.02
570,Abejorral,CO,2022-02-11 19:26:35,5.7893,-75.4273,76.23,44,27,1.12
571,Bushehr,IR,2022-02-11 19:26:36,28.9684,50.8385,68.09,52,75,13.8
572,Mozarlandia,BR,2022-02-11 19:26:37,-14.7447,-50.5706,78.46,78,81,1.97
573,Buraydah,SA,2022-02-11 19:26:37,26.326,43.975,59.45,31,0,14.38
574,Astoria,US,2022-02-11 19:26:38,46.1879,-123.8313,56.62,77,0,13.8
575,Lumeje,AO,2022-02-11 19:26:38,-11.55,20.7833,64.24,92,100,5.26
576,Richards Bay,ZA,2022-02-11 19:26:38,-28.783,32.0377,74.37,85,5,4.27
577,Atambua,ID,2022-02-11 19:22:57,-9.1061,124.8925,73.67,90,100,2.64
578,Tura,IN,2022-02-11 19:26:39,25.5198,90.2201,54.72,67,0,1.97
579,Gonaives,HT,2022-02-11 19:26:40,19.45,-72.6833,80.58,55,1,7.83
580,Funtua,NG,2022-02-11 19:26:40,11.5233,7.3081,69.66,12,5,10.36
581,Epe,NG,2022-02-11 19:26:40,6.5841,3.9834,79.84,84,6,8.1
582,Jiwani,PK,2022-02-11 19:26:41,25.05,61.7417,70.86,52,0,11.25
583,Bundaberg,AU,2022-02-11 19:26:41,-24.85,152.35,68.29,83,40,6.91
584,Tumut,AU,2022-02-11 19:26:42,-35.3,148.2167,59.99,84,2,3.18
